INSERT INTO `tbl_category`(`id`, `name_zh`, `name_en`, `icon`, `state`) VALUES (1, '所有', 'All', 'http://a7b7e5478639411ea83090a4ed185dbd-1921228004.ap-southeast-1.elb.amazonaws.com/img/icons/Agriculture.svg', 1);
INSERT INTO `tbl_category`(`id`, `name_zh`, `name_en`, `icon`, `state`) VALUES (2, '商业', 'Business', 'http://a7b7e5478639411ea83090a4ed185dbd-1921228004.ap-southeast-1.elb.amazonaws.com/img/icons/Business.svg', 1);
INSERT INTO `tbl_category`(`id`, `name_zh`, `name_en`, `icon`, `state`) VALUES (3, '常识', 'General', 'http://a7b7e5478639411ea83090a4ed185dbd-1921228004.ap-southeast-1.elb.amazonaws.com/img/icons/General.svg', 1);
INSERT INTO `tbl_category`(`id`, `name_zh`, `name_en`, `icon`, `state`) VALUES (4, '新冠专题', 'COVID-19', 'http://a7b7e5478639411ea83090a4ed185dbd-1921228004.ap-southeast-1.elb.amazonaws.com/img/icons/COVID.svg', 1);
INSERT INTO `tbl_category`(`id`, `name_zh`, `name_en`, `icon`, `state`) VALUES (5, '其它', 'Other', 'http://a7b7e5478639411ea83090a4ed185dbd-1921228004.ap-southeast-1.elb.amazonaws.com/img/icons/Other.svg', 1);
INSERT INTO `tbl_category`(`id`, `name_zh`, `name_en`, `icon`, `state`) VALUES (6, '科教', 'Science', 'http://a7b7e5478639411ea83090a4ed185dbd-1921228004.ap-southeast-1.elb.amazonaws.com/img/icons/Science.svg', 1);
INSERT INTO `tbl_category`(`id`, `name_zh`, `name_en`, `icon`, `state`) VALUES (7, '金融', 'Finance', 'http://a7b7e5478639411ea83090a4ed185dbd-1921228004.ap-southeast-1.elb.amazonaws.com/img/icons/Finance.svg', 1);
INSERT INTO `tbl_category`(`id`, `name_zh`, `name_en`, `icon`, `state`) VALUES (8, '娱乐', 'Entertainment', 'http://a7b7e5478639411ea83090a4ed185dbd-1921228004.ap-southeast-1.elb.amazonaws.com/img/icons/Entertainment.svg', 1);
INSERT INTO `tbl_category`(`id`, `name_zh`, `name_en`, `icon`, `state`) VALUES (9, '物联网', 'Internet of Things', 'http://a7b7e5478639411ea83090a4ed185dbd-1921228004.ap-southeast-1.elb.amazonaws.com/img/icons/Internet.svg', 1);
INSERT INTO `tbl_category`(`id`, `name_zh`, `name_en`, `icon`, `state`) VALUES (10, '地理', 'Geography', 'http://a7b7e5478639411ea83090a4ed185dbd-1921228004.ap-southeast-1.elb.amazonaws.com/img/icons/Geography.svg', 1);
INSERT INTO `tbl_category`(`id`, `name_zh`, `name_en`, `icon`, `state`) VALUES (11, '医疗', 'Medicine', 'http://a7b7e5478639411ea83090a4ed185dbd-1921228004.ap-southeast-1.elb.amazonaws.com/img/icons/Medicine.svg', 1);
INSERT INTO `tbl_category`(`id`, `name_zh`, `name_en`, `icon`, `state`) VALUES (12, '生活', 'Lifestyle', 'http://a7b7e5478639411ea83090a4ed185dbd-1921228004.ap-southeast-1.elb.amazonaws.com/img/icons/Lifestyle.svg', 1);
INSERT INTO `tbl_category`(`id`, `name_zh`, `name_en`, `icon`, `state`) VALUES (13, '社交', 'Social', 'http://a7b7e5478639411ea83090a4ed185dbd-1921228004.ap-southeast-1.elb.amazonaws.com/img/icons/Social.svg', 1);
INSERT INTO `tbl_category`(`id`, `name_zh`, `name_en`, `icon`, `state`) VALUES (14, '气象', 'Climate', 'http://a7b7e5478639411ea83090a4ed185dbd-1921228004.ap-southeast-1.elb.amazonaws.com/img/icons/Climate.svg', 1);
INSERT INTO `tbl_category`(`id`, `name_zh`, `name_en`, `icon`, `state`) VALUES (15, '城市', 'Demography', 'http://a7b7e5478639411ea83090a4ed185dbd-1921228004.ap-southeast-1.elb.amazonaws.com/img/icons/Demography.svg', 1);
INSERT INTO `tbl_category`(`id`, `name_zh`, `name_en`, `icon`, `state`) VALUES (16, '出行', 'Mobility', 'http://a7b7e5478639411ea83090a4ed185dbd-1921228004.ap-southeast-1.elb.amazonaws.com/img/icons/Mobility.svg', 1);

INSERT INTO `tbl_tag`(`id`, `name`, `category_id`, `state`, `create_time`) VALUES (1, 'Agriculture', 1, 1, '2020-03-13 10:16:22');
INSERT INTO `tbl_tag`(`id`, `name`, `category_id`, `state`, `create_time`) VALUES (2, 'Business', 2, 1, '2020-03-13 10:16:22');
INSERT INTO `tbl_tag`(`id`, `name`, `category_id`, `state`, `create_time`) VALUES (3, 'General', 3, 1, '2020-03-13 10:16:22');
INSERT INTO `tbl_tag`(`id`, `name`, `category_id`, `state`, `create_time`) VALUES (4, 'COVID-19', 4, 1, '2020-03-13 10:16:22');
INSERT INTO `tbl_tag`(`id`, `name`, `category_id`, `state`, `create_time`) VALUES (5, 'Other', 5, 1, '2020-03-13 10:16:22');
INSERT INTO `tbl_tag`(`id`, `name`, `category_id`, `state`, `create_time`) VALUES (6, 'Science', 6, 1, '2020-03-13 10:16:22');
INSERT INTO `tbl_tag`(`id`, `name`, `category_id`, `state`, `create_time`) VALUES (7, 'Finance', 7, 1, '2020-03-13 10:16:22');
INSERT INTO `tbl_tag`(`id`, `name`, `category_id`, `state`, `create_time`) VALUES (8, 'Entertainment', 8, 1, '2020-03-13 10:16:22');
INSERT INTO `tbl_tag`(`id`, `name`, `category_id`, `state`, `create_time`) VALUES (9, 'Internet of Things', 9, 1, '2020-03-13 10:16:22');
INSERT INTO `tbl_tag`(`id`, `name`, `category_id`, `state`, `create_time`) VALUES (10, 'Geography', 10, 1, '2020-03-13 10:16:22');
INSERT INTO `tbl_tag`(`id`, `name`, `category_id`, `state`, `create_time`) VALUES (11, 'Medicine', 11, 1, '2020-03-13 10:16:22');
INSERT INTO `tbl_tag`(`id`, `name`, `category_id`, `state`, `create_time`) VALUES (12, 'Lifestyle', 12, 1, '2020-03-13 10:16:22');
INSERT INTO `tbl_tag`(`id`, `name`, `category_id`, `state`, `create_time`) VALUES (13, 'Social', 13, 1, '2020-03-13 10:16:22');
INSERT INTO `tbl_tag`(`id`, `name`, `category_id`, `state`, `create_time`) VALUES (14, 'Climate', 14, 1, '2020-03-13 10:16:22');
INSERT INTO `tbl_tag`(`id`, `name`, `category_id`, `state`, `create_time`) VALUES (15, 'Demography', 15, 1, '2020-03-13 10:16:22');
INSERT INTO `tbl_tag`(`id`, `name`, `category_id`, `state`, `create_time`) VALUES (16, 'Mobility', 16, 1, '2020-03-13 10:16:22');

insert into tbl_api_basic_info (Coin,Icon, Title, ApiProvider, ApiUrl, Price, ApiDesc,Specifications,Popularity,Delay,SuccessRate,InvokeFrequency) values ('ONG','http://a7b7e5478639411ea83090a4ed185dbd-1921228004.ap-southeast-1.elb.amazonaws.com/img/icons/Geography.svg','每日天文图片','https://api.nasa.gov/', 'http://192.168.1.175:8080/api/v1/nasa/apod/:apikey', '0', '获取每日天文信息',1,100,0,100,100);
insert into tbl_api_basic_info (Coin,Icon, Title, ApiProvider, ApiUrl, Price, ApiDesc,Specifications,Popularity,Delay,SuccessRate,InvokeFrequency) values ('ONG','http://a7b7e5478639411ea83090a4ed185dbd-1921228004.ap-southeast-1.elb.amazonaws.com/img/icons/Geography.svg','近地小行星信息','https://api.nasa.gov/', 'http://192.168.1.175:8080/api/v1/nasa/feed/:startdate/:enddate/:apikey', '0', '近地小行星信息',1,100,0,100,100);
insert into tbl_api_detail_info (ApiId,RequestType, Mark, ResponseParam, ResponseExample, DataDesc, DataSource,ApplicationScenario) values (1,'GET','mark','ResponseParam', '{"copyright":"Juan Filas","date":"2020-04-20","explanation":"To some, it looks like a giant chicken running across the sky. To others, it looks like a gaseous nebula where star formation takes place. Cataloged as IC 2944, the Running Chicken Nebula spans about 100 light years and lies about 6,000 light years away toward the constellation of the Centaur (Centaurus).  The featured image, shown in scientifically assigned colors, was captured recently in a 12-hour exposure. The star cluster Collinder 249 is visible embedded in the nebula''s glowing gas.  Although difficult to discern here, several dark molecular clouds with distinct shapes can be found inside the nebula.","hdurl":"https://apod.nasa.gov/apod/image/2004/IC2944_Filas_3320.jpg","media_type":"image","service_version":"v1","title":"IC 2944: The Running Chicken Nebula","url":"https://apod.nasa.gov/apod/image/2004/IC2944_Filas_960.jpg"}
','每日天文图片','nasa','');
insert into tbl_api_detail_info (ApiId,RequestType, Mark, ResponseParam, ResponseExample, DataDesc, DataSource,ApplicationScenario) values (2,'GET','mark','ResponseParam','{"links":{"next":"http://www.neowsapp.com/rest/v1/feed?start_date=2015-09-08&end_date=2015-09-08&detailed=false&api_key=DEMO_KEY","prev":"http://www.neowsapp.com/rest/v1/feed?start_date=2015-09-06&end_date=2015-09-06&detailed=false&api_key=DEMO_KEY","self":"http://www.neowsapp.com/rest/v1/feed?start_date=2015-09-07&end_date=2015-09-07&detailed=false&api_key=DEMO_KEY"},"element_count":12,"near_earth_objects":{"2015-09-07":[{"links":{"self":"http://www.neowsapp.com/rest/v1/neo/3726788?api_key=DEMO_KEY"},"id":"3726788","neo_reference_id":"3726788","name":"(2015 RG2)","nasa_jpl_url":"http://ssd.jpl.nasa.gov/sbdb.cgi?sstr=3726788","absolute_magnitude_h":26.7,"estimated_diameter":{"kilometers":{"estimated_diameter_min":0.0121494041,"estimated_diameter_max":0.0271668934},"meters":{"estimated_diameter_min":12.14940408,"estimated_diameter_max":27.1668934089},"miles":{"estimated_diameter_min":0.0075492874,"estimated_diameter_max":0.0168807197},"feet":{"estimated_diameter_min":39.8602508817,"estimated_diameter_max":89.1302305717}},"is_potentially_hazardous_asteroid":false,"close_approach_data":[{"close_approach_date":"2015-09-07","close_approach_date_full":"2015-Sep-07 17:58","epoch_date_close_approach":1441648680000,"relative_velocity":{"kilometers_per_second":"8.0887368746","kilometers_per_hour":"29119.4527484721","miles_per_hour":"18093.6955147381"},"miss_distance":{"astronomical":"0.0163818512","lunar":"6.3725401168","kilometers":"2450690.046176944","miles":"1522788.1820680672"},"orbiting_body":"Earth"}],"is_sentry_object":false}]}}','近地小行星信息','nasa','');
insert into tbl_request_param (ApiDetailInfoId,ParamName,ParamType,Required,Note) values (1,'apiKey','string',true,'');
insert into tbl_request_param (ApiDetailInfoId,ParamName,ParamType,Required,Note) values (2,'startDate','string',true,'');
insert into tbl_request_param (ApiDetailInfoId,ParamName,ParamType,Required,Note) values (2,'endDate','string',true,'');
insert into tbl_request_param (ApiDetailInfoId,ParamName,ParamType,Required,Note) values (2,'apiKey','string',true,'');
insert into tbl_error_code (ApiDetailInfoId,ErrorCode,ErrorDesc) values (1,40001,'inter error');
insert into tbl_error_code (ApiDetailInfoId,ErrorCode,ErrorDesc) values (1,40005,'api key is nil');
insert into tbl_error_code (ApiDetailInfoId,ErrorCode,ErrorDesc) values (2,40001,'inter error');
insert into tbl_error_code (ApiDetailInfoId,ErrorCode,ErrorDesc) values (2,40002,'param error');
insert into tbl_error_code (ApiDetailInfoId,ErrorCode,ErrorDesc) values (2,40005,'api key is nil');
insert into tbl_api_tag (api_id, tag_id,state) values (1,10,1);
insert into tbl_api_tag (api_id, tag_id,state) values (2,10,1);
insert into tbl_specifications (ApiDetailInfoId,Price,Amount) values (1,'0',500);
insert into tbl_specifications (ApiDetailInfoId,Price,Amount) values (1,'0.01',1000);
insert into tbl_specifications (ApiDetailInfoId,Price,Amount) values (1,'0.02',2000);
insert into tbl_specifications (ApiDetailInfoId,Price,Amount) values (2,'0',500);
insert into tbl_specifications (ApiDetailInfoId,Price,Amount) values (2,'0.01',1000);
insert into tbl_specifications (ApiDetailInfoId,Price,Amount) values (2,'0.02',2000);
